-- --------------------------------------------------------
-- Host:                         127.0.0.1
-- Server version:               10.5.4-MariaDB - mariadb.org binary distribution
-- Server OS:                    Win64
-- HeidiSQL Version:             11.0.0.5919
-- --------------------------------------------------------

/*!40101 SET @OLD_CHARACTER_SET_CLIENT=@@CHARACTER_SET_CLIENT */;
/*!40101 SET NAMES utf8 */;
/*!50503 SET NAMES utf8mb4 */;
/*!40014 SET @OLD_FOREIGN_KEY_CHECKS=@@FOREIGN_KEY_CHECKS, FOREIGN_KEY_CHECKS=0 */;
/*!40101 SET @OLD_SQL_MODE=@@SQL_MODE, SQL_MODE='NO_AUTO_VALUE_ON_ZERO' */;

-- Dumping structure for table my_library.books
CREATE TABLE IF NOT EXISTS `books` (
  `id` int(11) NOT NULL AUTO_INCREMENT,
  `name` varchar(255) NOT NULL,
  `author` varchar(255) NOT NULL,
  `borrowerId` int(11) DEFAULT NULL,
  `isDeleted` tinyint(4) NOT NULL DEFAULT 0,
  `poster` varchar(255) NOT NULL,
  `summary` varchar(255) NOT NULL,
  PRIMARY KEY (`id`),
  KEY `FK_46e0d409d3157510dba7a5cb1ea` (`borrowerId`),
  CONSTRAINT `FK_46e0d409d3157510dba7a5cb1ea` FOREIGN KEY (`borrowerId`) REFERENCES `users` (`id`) ON DELETE NO ACTION ON UPDATE NO ACTION
) ENGINE=InnoDB AUTO_INCREMENT=10 DEFAULT CHARSET=utf8;

-- Dumping data for table my_library.books: ~9 rows (approximately)
/*!40000 ALTER TABLE `books` DISABLE KEYS */;
INSERT INTO `books` (`id`, `name`, `author`, `borrowerId`, `isDeleted`, `poster`, `summary`) VALUES
	(1, 'And then there were none', 'Agatha Christie', NULL, 0, 'https://external-content.duckduckgo.com/iu/?u=https%3A%2F%2Fs-media-cache-ak0.pinimg.com%2F736x%2Fd5%2Fb3%2F39%2Fd5b33933265ef778516098a1ea331fbf.jpg&f=1&nofb=1', ' And Then There Were None is a mystery novel by English writer Agatha Christie, described by her as the most difficult of her books to write. It was first published in the United Kingdom by the Collins Crime Club on 6 November 1939'),
	(2, 'THE SHINING', 'Stephen King', 5, 0, 'https://external-content.duckduckgo.com/iu/?u=http%3A%2F%2Fwww.socialbookshelves.com%2Fwp-content%2Fuploads%2F2015%2F02%2FThe_Shining_by_Stephen_King_Final_Cover.jpg&f=1&nofb=1', 'The Shining is a gothic horror novel by Stephen King, first published in 1977. Eclipsed perhaps only by its 1980 film adaptation, the novel is one of the most popular and enduring horror stories of all time. '),
	(3, 'The Da Vinci Code', 'Dan Brown', NULL, 1, 'https://external-content.duckduckgo.com/iu/?u=https%3A%2F%2Fwww.washingtonpost.com%2Frf%2Fimage_1484w%2F2010-2019%2FWashingtonPost%2F2016%2F05%2F18%2FBookWorld%2FImages%2FCover_9781524715823.jpg%3Ft%3D20170517&f=1&nofb=1', ''),
	(4, 'Digital Fortress', 'Dan Brown', NULL, 0, 'https://external-content.duckduckgo.com/iu/?u=https%3A%2F%2Fimg1.od-cdn.com%2FImageType-100%2F0211-1%2F%257B60FCCAC4-1DF4-4A57-9220-23300C3C370E%257DImg100.jpg&f=1&nofb=1', 'The book explores the theme of government surveillance of electronically stored information on the private lives of citizens, and the possible civil liberties and ethical implications of using such technology.'),
	(5, 'Harry Potter and the Sorcer\'s Stone', 'JK Rowling', 2, 0, 'https://external-content.duckduckgo.com/iu/?u=http%3A%2F%2Fwww.booksatruestory.com%2Fwp-content%2Fuploads%2F2013%2F08%2FHarry-Potter-and-the-Sorcerers-Stone.jpg&f=1&nofb=1', 'On his eleventh birthday, orphan Harry Potter receives an acceptance letter from Hogwarts School of Witchcraft and Wizardry, where he learns about magic and his own past.'),
	(6, 'The Hunger Games', 'Suzanne Collins', NULL, 0, 'https://external-content.duckduckgo.com/iu/?u=http%3A%2F%2Famsjournal.files.wordpress.com%2F2012%2F06%2Fhungergamescover.jpg&f=1&nofb=1', ''),
	(7, 'Harry Potter and The Chamber of Secrets', 'JK Rowling', 24, 0, 'https://external-content.duckduckgo.com/iu/?u=https%3A%2F%2Fi.pinimg.com%2Foriginals%2Fe6%2Fb0%2F6b%2Fe6b06b1a19cc3a1db290916a30612431.jpg&f=1&nofb=1', ''),
	(8, 'test', 'test', 24, 0, 'https://external-content.duckduckgo.com/iu/?u=https%3A%2F%2Fi.pinimg.com%2Foriginals%2Fe6%2Fb0%2F6b%2Fe6b06b1a19cc3a1db290916a30612431.jpg&f=1&nofb=1', ''),
	(9, 'test the world', 'test 2', NULL, 0, 'https://external-content.duckduckgo.com/iu/?u=https%3A%2F%2Fi.pinimg.com%2Foriginals%2Fe6%2Fb0%2F6b%2Fe6b06b1a19cc3a1db290916a30612431.jpg&f=1&nofb=1', '');
/*!40000 ALTER TABLE `books` ENABLE KEYS */;

-- Dumping structure for table my_library.books_was_borrowed_by_users
CREATE TABLE IF NOT EXISTS `books_was_borrowed_by_users` (
  `booksId` int(11) NOT NULL,
  `usersId` int(11) NOT NULL,
  PRIMARY KEY (`booksId`,`usersId`),
  KEY `IDX_7839f104ee65f19882103770a4` (`booksId`),
  KEY `IDX_43c3379d5741456e4fb7f568e9` (`usersId`),
  CONSTRAINT `FK_43c3379d5741456e4fb7f568e97` FOREIGN KEY (`usersId`) REFERENCES `users` (`id`) ON DELETE CASCADE ON UPDATE NO ACTION,
  CONSTRAINT `FK_7839f104ee65f19882103770a43` FOREIGN KEY (`booksId`) REFERENCES `books` (`id`) ON DELETE CASCADE ON UPDATE NO ACTION
) ENGINE=InnoDB DEFAULT CHARSET=utf8;

-- Dumping data for table my_library.books_was_borrowed_by_users: ~18 rows (approximately)
/*!40000 ALTER TABLE `books_was_borrowed_by_users` DISABLE KEYS */;
INSERT INTO `books_was_borrowed_by_users` (`booksId`, `usersId`) VALUES
	(1, 3),
	(1, 22),
	(1, 23),
	(1, 24),
	(1, 26),
	(4, 3),
	(4, 13),
	(4, 22),
	(4, 23),
	(4, 24),
	(4, 25),
	(6, 22),
	(6, 23),
	(6, 24),
	(6, 26),
	(7, 22),
	(8, 24),
	(9, 24);
/*!40000 ALTER TABLE `books_was_borrowed_by_users` ENABLE KEYS */;

-- Dumping structure for table my_library.cases
CREATE TABLE IF NOT EXISTS `cases` (
  `id` int(11) NOT NULL AUTO_INCREMENT,
  `country` varchar(255) NOT NULL DEFAULT '',
  `cases` int(11) NOT NULL DEFAULT 0,
  `todayCases` int(11) NOT NULL DEFAULT 0,
  `deaths` int(11) NOT NULL DEFAULT 0,
  `todayDeaths` int(11) NOT NULL DEFAULT 0,
  `recovered` int(11) NOT NULL DEFAULT 0,
  `active` int(11) NOT NULL DEFAULT 0,
  `critical` int(11) NOT NULL DEFAULT 0,
  `casesPerOneMillion` int(11) NOT NULL DEFAULT 0,
  `deathsPerOneMillion` int(11) NOT NULL DEFAULT 0,
  `totalTests` int(11) NOT NULL DEFAULT 0,
  `testsPerOneMillion` int(11) NOT NULL DEFAULT 0,
  PRIMARY KEY (`id`)
) ENGINE=InnoDB AUTO_INCREMENT=1287 DEFAULT CHARSET=utf8;

-- Dumping data for table my_library.cases: ~215 rows (approximately)
/*!40000 ALTER TABLE `cases` DISABLE KEYS */;
INSERT INTO `cases` (`id`, `country`, `cases`, `todayCases`, `deaths`, `todayDeaths`, `recovered`, `active`, `critical`, `casesPerOneMillion`, `deathsPerOneMillion`, `totalTests`, `testsPerOneMillion`) VALUES
	(1, 'USA', 500, 500, 500, 500, 500, 500, 500, 500, 500, 500, 500),
	(2, 'Bulgaria', 16164, 0, 605, 0, 11253, 4306, 61, 2329, 87, 403213, 58103),
	(3, 'Bulgaria', 16164, 0, 605, 0, 11253, 4306, 61, 2329, 87, 403213, 58103),
	(1075, 'Colombia', 599914, 0, 19064, 0, 440574, 140276, 1493, 11770, 374, 2685355, 52685),
	(1076, 'Mexico', 591712, 5974, 63819, 673, 409127, 118766, 3334, 4582, 494, 1334331, 10332),
	(1077, 'Peru', 639435, 0, 28607, 0, 446675, 164153, 1524, 19350, 866, 3156679, 95526),
	(1078, 'World', 25248371, 90847, 847919, 1938, 17588390, 6812062, 61296, 3239, 108, 0, 0),
	(1079, 'Brazil', 3846965, 0, 120498, 0, 3006812, 719655, 8318, 18077, 566, 14352484, 67444),
	(1080, 'USA', 6143716, 4638, 186917, 62, 3409124, 2547675, 16026, 18543, 564, 81151817, 244935),
	(1081, 'South Africa', 622551, 0, 13981, 0, 536694, 71876, 539, 10476, 235, 3652970, 61468),
	(1082, 'India', 3583807, 44095, 64062, 405, 2744887, 774858, 8944, 2593, 46, 41461636, 29997),
	(1083, 'Russia', 990326, 4980, 17093, 68, 806982, 166251, 2300, 6786, 117, 36400000, 249409),
	(1084, 'Chile', 408009, 0, 11181, 0, 381183, 15645, 959, 21314, 584, 2365753, 123584),
	(1085, 'Argentina', 401239, 0, 8401, 48, 294007, 98831, 2192, 8865, 186, 1242269, 27446),
	(1086, 'Iran', 373570, 1754, 21462, 103, 321421, 30687, 3759, 4439, 255, 3184857, 37841),
	(1087, 'Saudi Arabia', 314821, 910, 3870, 30, 289667, 21284, 1545, 9021, 111, 5026127, 144015),
	(1088, 'Bangladesh', 310822, 1897, 4248, 42, 201907, 104667, 0, 1884, 26, 1537749, 9322),
	(1089, 'Pakistan', 295636, 264, 6288, 4, 280547, 8801, 601, 1334, 28, 2603129, 11749),
	(1090, 'France', 272530, 0, 30602, 0, 86177, 155751, 387, 4174, 469, 6175223, 94571),
	(1091, 'Italy', 268218, 1365, 35477, 4, 208536, 24205, 86, 4437, 587, 8591341, 142130),
	(1092, 'Turkey', 267064, 0, 6284, 0, 242812, 17968, 917, 3161, 74, 6937088, 82110),
	(1093, 'Germany', 242975, 150, 9363, 0, 217484, 16128, 245, 2898, 112, 11208091, 133703),
	(1094, 'Iraq', 227446, 0, 6891, 0, 169020, 51535, 579, 5635, 171, 1567133, 38826),
	(1095, 'Philippines', 217396, 4284, 3520, 102, 157403, 56473, 837, 1980, 32, 2558157, 23295),
	(1096, 'Indonesia', 172053, 2858, 7343, 82, 124185, 40525, 0, 628, 27, 2224337, 8118),
	(1097, 'Canada', 127789, 116, 9114, 1, 113581, 5094, 50, 3381, 241, 5402249, 142933),
	(1098, 'Ukraine', 119074, 2096, 2527, 35, 56734, 59813, 177, 2725, 58, 1536171, 35161),
	(1099, 'Qatar', 118575, 168, 197, 1, 115430, 2948, 66, 42230, 70, 624609, 222455),
	(1100, 'Bolivia', 115354, 945, 4938, 92, 56749, 53667, 71, 9861, 422, 239073, 20436),
	(1101, 'Israel', 113648, 183, 909, 3, 92588, 20151, 441, 12356, 99, 2279487, 247835),
	(1102, 'Ecuador', 112906, 0, 6537, 0, 95429, 10940, 357, 6384, 370, 326552, 18464),
	(1103, 'Kazakhstan', 105684, 126, 1523, 0, 96135, 8026, 221, 5618, 81, 2434444, 129404),
	(1104, 'Egypt', 98497, 0, 5376, 0, 71302, 21819, 41, 960, 52, 135000, 1315),
	(1105, 'Dominican Republic', 94241, 509, 1681, 8, 66776, 25784, 220, 8673, 155, 367146, 33790),
	(1106, 'Panama', 91337, 0, 1983, 0, 65119, 24235, 155, 21116, 458, 326597, 75504),
	(1107, 'Romania', 86785, 952, 3578, 39, 37665, 45542, 492, 4516, 186, 1795633, 93445),
	(1108, 'Oman', 85544, 539, 677, 27, 80459, 4408, 156, 16686, 132, 309212, 60315),
	(1109, 'Kuwait', 84636, 412, 530, 2, 76650, 7456, 89, 19772, 124, 614129, 143467),
	(1110, 'Guatemala', 73679, 0, 2728, 0, 61163, 9788, 5, 4101, 152, 240745, 13399),
	(1111, 'Belarus', 71523, 0, 671, 0, 70207, 645, 0, 7570, 71, 1517128, 160563),
	(1112, 'UAE', 69690, 362, 382, 3, 60600, 8708, 0, 7033, 39, 7011895, 707587),
	(1113, 'Belgium', 84599, 647, 9891, 5, 18403, 56305, 72, 7294, 853, 2261043, 194953),
	(1114, 'Poland', 66870, 631, 2033, 1, 46192, 18645, 85, 1767, 54, 2660665, 70314),
	(1115, 'Japan', 66423, 0, 1255, 0, 55341, 9827, 230, 525, 10, 1440826, 11398),
	(1116, 'Honduras', 59645, 835, 1842, 15, 10156, 47647, 44, 6007, 186, 142638, 14365),
	(1117, 'Morocco', 60056, 0, 1078, 0, 44618, 14360, 31, 1624, 29, 1890964, 51134),
	(1118, 'Singapore', 56771, 54, 27, 0, 55447, 1297, 0, 9691, 5, 1832813, 312883),
	(1119, 'Portugal', 57768, 320, 1819, 1, 41885, 14064, 41, 5668, 178, 1976482, 193930),
	(1120, 'Ethiopia', 49654, 0, 770, 0, 18116, 30768, 329, 430, 7, 869430, 7534),
	(1121, 'Bahrain', 51391, 0, 189, 0, 48275, 2927, 32, 30046, 111, 1095373, 640417),
	(1122, 'Nigeria', 53727, 0, 1011, 0, 41314, 11402, 7, 260, 5, 398304, 1925),
	(1123, 'Venezuela', 44946, 0, 375, 0, 36175, 8396, 86, 1581, 13, 1754575, 61732),
	(1124, 'Ghana', 44205, 87, 276, 6, 42777, 1152, 6, 1418, 9, 439246, 14090),
	(1125, 'Kyrgyzstan', 43820, 108, 1058, 1, 38198, 4564, 24, 6699, 162, 267718, 40928),
	(1126, 'Algeria', 43781, 0, 1491, 0, 30717, 11573, 28, 996, 34, 0, 0),
	(1127, 'Armenia', 43750, 124, 877, 5, 37650, 5223, 0, 14760, 296, 205450, 69311),
	(1128, 'Switzerland', 42014, 292, 2005, 0, 35200, 4809, 18, 4849, 231, 1010948, 116671),
	(1129, 'Costa Rica', 39699, 0, 418, 0, 15737, 23544, 133, 7782, 82, 146047, 28627),
	(1130, 'Uzbekistan', 41424, 264, 313, 4, 38655, 2456, 133, 1235, 9, 1377915, 41075),
	(1131, 'Nepal', 38561, 1221, 221, 14, 20822, 17518, 0, 1320, 8, 682343, 23352),
	(1132, 'Afghanistan', 38162, 19, 1402, 0, 29089, 7671, 31, 977, 36, 102598, 2626),
	(1133, 'Azerbaijan', 36309, 135, 531, 2, 33703, 2075, 0, 3576, 52, 917027, 90312),
	(1134, 'Moldova', 36700, 296, 992, 2, 25139, 10569, 575, 9101, 246, 207925, 51564),
	(1135, 'Kenya', 34057, 263, 574, 2, 19688, 13795, 44, 631, 11, 450146, 8343),
	(1136, 'Serbia', 31365, 83, 711, 1, 29931, 723, 48, 3592, 81, 925208, 105963),
	(1137, 'Ireland', 28720, 0, 1777, 0, 23364, 3579, 5, 5806, 359, 824712, 166721),
	(1138, 'Austria', 27166, 181, 733, 0, 23070, 3363, 30, 3013, 81, 1172092, 130019),
	(1139, 'Australia', 25670, 123, 611, 11, 21116, 3943, 31, 1005, 24, 6167592, 241417),
	(1140, 'El Salvador', 25635, 98, 713, 5, 14013, 10909, 275, 3949, 110, 312849, 48193),
	(1141, 'Czechia', 24094, 0, 421, 0, 17541, 6132, 32, 2249, 39, 891140, 83189),
	(1142, 'Cameroon', 19142, 0, 411, 0, 17651, 1080, 30, 718, 15, 149000, 5591),
	(1143, 'Palestine', 22204, 536, 149, 2, 14787, 7268, 0, 4337, 29, 263288, 51425),
	(1144, 'Bosnia and Herzegovina', 19793, 243, 598, 4, 12961, 6234, 0, 6039, 182, 183974, 56135),
	(1145, 'S. Korea', 19699, 299, 323, 2, 14903, 4473, 70, 384, 6, 1924170, 37525),
	(1146, 'Ivory Coast', 17893, 0, 115, 0, 16440, 1338, 0, 676, 4, 125972, 4757),
	(1147, 'Denmark', 16891, 112, 624, 0, 15116, 1151, 4, 2914, 108, 2433762, 419936),
	(1148, 'Paraguay', 16474, 0, 294, 0, 8854, 7326, 85, 2305, 41, 188559, 26384),
	(1149, 'Lebanon', 16275, 0, 155, 0, 4484, 11636, 91, 2386, 23, 511468, 74992),
	(1150, 'Bulgaria', 16164, 0, 605, 0, 11253, 4306, 61, 2329, 87, 403213, 58103),
	(1151, 'Madagascar', 14843, 52, 191, 1, 13802, 850, 53, 534, 7, 57736, 2077),
	(1152, 'North Macedonia', 14330, 37, 600, 4, 11062, 2668, 3, 6878, 288, 147819, 70952),
	(1153, 'Senegal', 13556, 100, 284, 2, 9388, 3884, 36, 806, 17, 145128, 8633),
	(1154, 'Libya', 13423, 465, 232, 1, 1410, 11781, 0, 1949, 34, 103850, 15081),
	(1155, 'Sudan', 13189, 0, 823, 0, 6612, 5754, 0, 300, 19, 401, 9),
	(1156, 'Zambia', 12025, 123, 287, 3, 11454, 284, 0, 651, 16, 114401, 6196),
	(1157, 'Norway', 10631, 20, 264, 0, 9348, 1019, 1, 1959, 49, 686202, 126416),
	(1158, 'Greece', 10134, 157, 262, 2, 3804, 6068, 35, 973, 25, 940882, 90344),
	(1159, 'Croatia', 10123, 262, 184, 1, 7212, 2727, 13, 2468, 45, 166638, 40634),
	(1160, 'DRC', 10045, 38, 258, 0, 9103, 684, 0, 112, 3, 0, 0),
	(1161, 'Malaysia', 9334, 17, 126, 1, 9048, 160, 7, 288, 4, 1243540, 38342),
	(1162, 'Albania', 9279, 0, 275, 0, 5020, 3984, 19, 3225, 96, 56815, 19746),
	(1163, 'Guinea', 9251, 0, 59, 0, 8282, 910, 24, 702, 4, 23588, 1789),
	(1164, 'French Guiana', 9076, 0, 58, 0, 8620, 398, 13, 30266, 193, 52668, 175634),
	(1165, 'Tajikistan', 8516, 0, 68, 0, 7309, 1139, 0, 890, 7, 0, 0),
	(1166, 'Gabon', 8505, 0, 53, 0, 7187, 1265, 2, 3807, 24, 116252, 52041),
	(1167, 'Haiti', 8209, 35, 201, 0, 5828, 2180, 0, 719, 18, 23322, 2041),
	(1168, 'Finland', 8077, 28, 335, 0, 7200, 542, 1, 1457, 60, 637159, 114966),
	(1169, 'Maldives', 7578, 0, 28, 0, 4925, 2625, 12, 13980, 52, 110249, 203394),
	(1170, 'Namibia', 7116, 0, 69, 0, 2817, 4230, 16, 2793, 27, 58610, 23001),
	(1171, 'Mauritania', 7012, 0, 158, 0, 6407, 447, 3, 1502, 34, 69937, 14981),
	(1172, 'Luxembourg', 6625, 0, 124, 0, 7140, -639, 2, 10556, 198, 633773, 1009847),
	(1173, 'Zimbabwe', 6406, 0, 196, 0, 5056, 1154, 0, 430, 13, 149748, 10052),
	(1174, 'Hungary', 5961, 292, 614, 0, 3759, 1588, 7, 617, 64, 424270, 43937),
	(1175, 'Malawi', 5528, 0, 174, 0, 3143, 2211, 4, 288, 9, 44296, 2306),
	(1176, 'Djibouti', 5385, 0, 60, 0, 5319, 6, 0, 5438, 61, 66859, 67515),
	(1177, 'Montenegro', 4727, 0, 93, 0, 3839, 795, 0, 7526, 148, 48030, 76471),
	(1178, 'Equatorial Guinea', 4941, 0, 83, 0, 3884, 974, 1, 3504, 59, 51944, 36842),
	(1179, 'Hong Kong', 4802, 15, 88, 2, 4320, 394, 23, 640, 12, 780415, 103960),
	(1180, 'Eswatini', 4510, 0, 91, 0, 3359, 1060, 11, 3881, 78, 30007, 25821),
	(1181, 'CAR', 4700, 0, 61, 0, 1784, 2855, 2, 970, 13, 31042, 6410),
	(1182, 'Nicaragua', 4494, 0, 137, 0, 2913, 1444, 0, 677, 21, 0, 0),
	(1183, 'Congo', 3979, 0, 78, 0, 1742, 2159, 0, 718, 14, 0, 0),
	(1184, 'Suriname', 3954, 0, 67, 0, 2991, 896, 24, 6730, 114, 8309, 14143),
	(1185, 'Cuba', 3925, 0, 94, 0, 3273, 558, 5, 347, 8, 388194, 34276),
	(1186, 'Slovakia', 3876, 34, 33, 0, 2278, 1565, 11, 710, 6, 334344, 61234),
	(1187, 'Rwanda', 3843, 0, 16, 0, 1904, 1923, 0, 296, 1, 399400, 30719),
	(1188, 'Cabo Verde', 3778, 0, 39, 0, 2855, 884, 0, 6783, 70, 76576, 137489),
	(1189, 'Mozambique', 3760, 0, 22, 0, 2078, 1660, 0, 120, 0, 92998, 2963),
	(1190, 'Tunisia', 3572, 0, 76, 0, 1536, 1960, 15, 302, 6, 139527, 11786),
	(1191, 'Thailand', 3411, 0, 58, 0, 3252, 101, 1, 49, 0, 749213, 10729),
	(1192, 'Somalia', 3310, 0, 97, 0, 2481, 732, 0, 207, 6, 0, 0),
	(1193, 'Mayotte', 3301, 0, 40, 0, 2964, 297, 1, 12055, 146, 13000, 47474),
	(1194, 'Sri Lanka', 3000, 5, 12, 0, 2860, 128, 0, 140, 0, 219162, 10228),
	(1195, 'Gambia', 2895, 0, 96, 0, 751, 2048, 0, 1193, 40, 12460, 5134),
	(1196, 'Lithuania', 2874, 35, 86, 0, 1837, 951, 5, 1058, 32, 637509, 234745),
	(1197, 'Slovenia', 2865, 31, 133, 0, 2283, 449, 2, 1378, 64, 158236, 76112),
	(1198, 'Uganda', 2847, 0, 29, 0, 1288, 1530, 0, 62, 0, 367423, 7995),
	(1199, 'Mali', 2757, 0, 126, 0, 2121, 510, 0, 136, 6, 37666, 1852),
	(1200, 'Syria', 2628, 0, 106, 0, 599, 1923, 0, 150, 6, 0, 0),
	(1201, 'Angola', 2551, 0, 107, 0, 1041, 1403, 24, 77, 3, 64747, 1961),
	(1202, 'South Sudan', 2519, 0, 47, 0, 1290, 1182, 0, 225, 4, 12044, 1074),
	(1203, 'Estonia', 2373, 10, 64, 0, 2088, 221, 0, 1789, 48, 147902, 111483),
	(1204, 'Guinea-Bissau', 2205, 0, 34, 0, 1127, 1044, 5, 1116, 17, 1500, 759),
	(1205, 'Benin', 2145, 0, 40, 0, 1738, 367, 0, 176, 3, 118206, 9711),
	(1206, 'Bahamas', 2135, 0, 50, 0, 782, 1303, 83, 5421, 127, 11037, 28023),
	(1207, 'Jamaica', 2113, 102, 20, 1, 890, 1203, 4, 713, 7, 57075, 19261),
	(1208, 'Iceland', 2105, 5, 10, 0, 1990, 105, 0, 6162, 29, 213608, 625309),
	(1209, 'Sierra Leone', 2019, 0, 70, 0, 1591, 358, 0, 252, 9, 0, 0),
	(1210, 'Yemen', 1946, 0, 563, 0, 1113, 270, 0, 65, 19, 120, 4),
	(1211, 'Jordan', 1893, 0, 15, 0, 1447, 431, 3, 185, 1, 810061, 79266),
	(1212, 'Malta', 1862, 15, 11, 0, 1313, 538, 0, 4215, 25, 188553, 426844),
	(1213, 'Aruba', 1975, 0, 10, 0, 765, 1200, 7, 18486, 94, 20869, 195329),
	(1214, 'Botswana', 1633, 0, 6, 0, 224, 1403, 1, 692, 3, 109547, 46437),
	(1215, 'New Zealand', 1729, 2, 22, 0, 1570, 137, 10, 346, 4, 750808, 150099),
	(1216, 'Cyprus', 1483, 0, 20, 0, 935, 528, 5, 1227, 17, 286736, 237209),
	(1217, 'Uruguay', 1570, 0, 44, 0, 1364, 162, 3, 452, 13, 171237, 49267),
	(1218, 'Trinidad and Tobago', 1683, 38, 21, 2, 672, 990, 5, 1202, 15, 23429, 16732),
	(1219, 'Réunion', 1634, 77, 6, 0, 880, 748, 2, 1823, 7, 35419, 39515),
	(1220, 'Georgia', 1469, 7, 19, 0, 1221, 229, 0, 368, 5, 355486, 89141),
	(1221, 'Latvia', 1393, 12, 34, 0, 1163, 196, 1, 740, 18, 250709, 133169),
	(1222, 'Togo', 1390, 0, 27, 0, 990, 373, 0, 167, 3, 64092, 7714),
	(1223, 'Burkina Faso', 1357, 5, 55, 0, 1058, 244, 0, 65, 3, 0, 0),
	(1224, 'Liberia', 1304, 0, 82, 0, 872, 350, 0, 257, 16, 0, 0),
	(1225, 'Guyana', 1184, 0, 35, 0, 636, 513, 9, 1504, 44, 8079, 10263),
	(1226, 'Niger', 1175, 0, 69, 0, 1085, 21, 0, 48, 3, 9052, 372),
	(1227, 'Guadeloupe', 1145, 0, 16, 0, 336, 793, 9, 2862, 40, 29595, 73963),
	(1228, 'Andorra', 1124, 0, 53, 0, 902, 169, 3, 14544, 686, 137457, 1778573),
	(1229, 'Lesotho', 1051, 0, 31, 0, 526, 494, 0, 490, 14, 15023, 7004),
	(1230, 'Vietnam', 1040, 0, 32, 0, 695, 313, 0, 11, 0, 1009145, 10352),
	(1231, 'Chad', 1008, 0, 77, 0, 878, 53, 0, 61, 5, 0, 0),
	(1232, 'Sao Tome and Principe', 895, 0, 15, 0, 848, 32, 0, 4072, 68, 3746, 17043),
	(1233, 'Belize', 964, 0, 13, 0, 115, 836, 8, 2417, 33, 7965, 19974),
	(1234, 'Myanmar', 749, 16, 6, 0, 351, 392, 0, 14, 0, 156042, 2865),
	(1235, 'Diamond Princess', 712, 0, 13, 0, 651, 48, 4, 0, 0, 0, 0),
	(1236, 'San Marino', 710, 0, 42, 0, 658, 10, 0, 20917, 1237, 6678, 196742),
	(1237, 'Channel Islands', 625, 0, 48, 0, 545, 32, 0, 3589, 276, 68985, 396188),
	(1238, 'Martinique', 596, 0, 16, 0, 98, 482, 3, 1588, 43, 12227, 32586),
	(1239, 'Tanzania', 509, 0, 21, 0, 183, 305, 7, 8, 0, 0, 0),
	(1240, 'Turks and Caicos', 490, 0, 3, 0, 148, 339, 3, 12629, 77, 2367, 61004),
	(1241, 'Taiwan', 488, 0, 7, 0, 462, 19, 0, 20, 0, 86983, 3651),
	(1242, 'French Polynesia', 482, 0, 0, 0, 202, 280, 3, 1714, 0, 14029, 49895),
	(1243, 'Sint Maarten', 460, 16, 17, 0, 179, 264, 8, 10709, 396, 2281, 53103),
	(1244, 'Papua New Guinea', 459, 6, 5, 0, 232, 222, 0, 51, 0, 15592, 1738),
	(1245, 'Burundi', 445, 0, 1, 0, 357, 87, 0, 37, 0, 24659, 2064),
	(1246, 'Comoros', 423, 0, 7, 0, 399, 17, 0, 485, 8, 0, 0),
	(1247, 'Faeroe Islands', 411, 0, 0, 0, 362, 49, 2, 8406, 0, 93086, 1903833),
	(1248, 'Mauritius', 355, 0, 10, 0, 335, 10, 0, 279, 8, 227409, 178764),
	(1249, 'Isle of Man', 336, 0, 24, 0, 312, 0, 0, 3948, 282, 9840, 115619),
	(1250, 'Eritrea', 318, 0, 0, 0, 284, 34, 0, 89, 0, 0, 0),
	(1251, 'Mongolia', 301, 0, 0, 0, 295, 6, 1, 92, 0, 53417, 16253),
	(1252, 'Gibraltar', 285, 10, 0, 0, 228, 57, 0, 8460, 0, 34102, 1012259),
	(1253, 'Cambodia', 273, 0, 0, 0, 265, 8, 1, 16, 0, 96451, 5756),
	(1254, 'Cayman Islands', 205, 0, 1, 0, 202, 2, 0, 3113, 15, 35195, 534505),
	(1255, 'Saint Martin', 213, 0, 5, 0, 79, 129, 11, 5494, 129, 2756, 71086),
	(1256, 'Bhutan', 195, 0, 0, 0, 135, 60, 0, 252, 0, 97956, 126726),
	(1257, 'Barbados', 170, 0, 7, 0, 141, 22, 0, 591, 24, 16780, 58379),
	(1258, 'Bermuda', 169, 0, 9, 0, 153, 7, 0, 2715, 145, 43629, 700991),
	(1259, 'Brunei', 144, 0, 3, 0, 139, 2, 0, 329, 7, 51103, 116632),
	(1260, 'Monaco', 130, 0, 1, 0, 89, 40, 1, 3309, 25, 51953, 1322397),
	(1261, 'Seychelles', 136, 0, 0, 0, 127, 9, 0, 1381, 0, 0, 0),
	(1262, 'Liechtenstein', 107, 0, 1, 0, 97, 9, 0, 2805, 26, 900, 23594),
	(1263, 'Antigua and Barbuda', 94, 0, 3, 0, 91, 0, 1, 959, 31, 1875, 19121),
	(1264, 'St. Vincent Grenadines', 60, 0, 0, 0, 57, 3, 0, 541, 0, 3315, 29865),
	(1265, 'Curaçao', 62, 0, 1, 0, 35, 26, 0, 378, 6, 1080, 6577),
	(1266, 'Macao', 46, 0, 0, 0, 46, 0, 0, 71, 0, 4071, 6256),
	(1267, 'Timor-Leste', 27, 0, 0, 0, 25, 2, 0, 20, 0, 5146, 3891),
	(1268, 'Fiji', 28, 0, 2, 0, 23, 3, 0, 31, 2, 6693, 7457),
	(1269, 'Saint Lucia', 26, 0, 0, 0, 25, 1, 0, 141, 0, 5323, 28966),
	(1270, 'Grenada', 24, 0, 0, 0, 24, 0, 0, 213, 0, 6252, 55520),
	(1271, 'British Virgin Islands', 35, 0, 1, 0, 8, 26, 0, 1156, 33, 2853, 94270),
	(1272, 'Laos', 22, 0, 0, 0, 21, 1, 0, 3, 0, 37956, 5205),
	(1273, 'New Caledonia', 23, 0, 0, 0, 23, 0, 0, 80, 0, 12370, 43261),
	(1274, 'Dominica', 20, 0, 0, 0, 18, 2, 0, 278, 0, 2022, 28077),
	(1275, 'St. Barth', 18, 0, 0, 0, 13, 5, 0, 1821, 0, 2075, 209978),
	(1276, 'Saint Kitts and Nevis', 17, 0, 0, 0, 17, 0, 0, 319, 0, 1564, 29365),
	(1277, 'Caribbean Netherlands', 15, 0, 0, 0, 7, 8, 0, 571, 0, 900, 34270),
	(1278, 'Greenland', 14, 0, 0, 0, 14, 0, 0, 247, 0, 6727, 118462),
	(1279, 'Montserrat', 13, 0, 1, 0, 12, 0, 0, 2604, 200, 61, 12217),
	(1280, 'Falkland Islands', 13, 0, 0, 0, 13, 0, 0, 3720, 0, 2256, 645494),
	(1281, 'Vatican City', 12, 0, 0, 0, 12, 0, 0, 14981, 0, 0, 0),
	(1282, 'Western Sahara', 10, 0, 1, 0, 8, 1, 0, 17, 2, 0, 0),
	(1283, 'MS Zaandam', 9, 0, 2, 0, 0, 7, 0, 0, 0, 0, 0),
	(1284, 'Saint Pierre Miquelon', 5, 0, 0, 0, 1, 4, 0, 864, 0, 0, 0),
	(1285, 'Anguilla', 3, 0, 0, 0, 3, 0, 0, 200, 0, 808, 53777),
	(1286, 'China', 85031, 9, 4634, 0, 80153, 244, 5, 59, 3, 90410000, 62814);
/*!40000 ALTER TABLE `cases` ENABLE KEYS */;

-- Dumping structure for table my_library.ratings
CREATE TABLE IF NOT EXISTS `ratings` (
  `id` int(11) NOT NULL AUTO_INCREMENT,
  `points` int(11) NOT NULL,
  `bookNameId` int(11) DEFAULT NULL,
  `madeById` int(11) DEFAULT NULL,
  PRIMARY KEY (`id`),
  KEY `FK_b91dcdd4ad85bde853576adc93a` (`bookNameId`),
  KEY `FK_5cd7a9118f7033d867dc5124c0b` (`madeById`),
  CONSTRAINT `FK_5cd7a9118f7033d867dc5124c0b` FOREIGN KEY (`madeById`) REFERENCES `users` (`id`) ON DELETE NO ACTION ON UPDATE NO ACTION,
  CONSTRAINT `FK_b91dcdd4ad85bde853576adc93a` FOREIGN KEY (`bookNameId`) REFERENCES `books` (`id`) ON DELETE NO ACTION ON UPDATE NO ACTION
) ENGINE=InnoDB AUTO_INCREMENT=1020 DEFAULT CHARSET=utf8;

-- Dumping data for table my_library.ratings: ~15 rows (approximately)
/*!40000 ALTER TABLE `ratings` DISABLE KEYS */;
INSERT INTO `ratings` (`id`, `points`, `bookNameId`, `madeById`) VALUES
	(1000, 3, 3, 21),
	(1001, 5, 3, 1),
	(1002, 2, 4, 21),
	(1003, 3, 5, 2),
	(1004, 4, 1, 4),
	(1008, 4, 2, 22),
	(1009, 3, 5, 22),
	(1010, 1, 1, 23),
	(1011, 4, 1, 19),
	(1012, 5, 1, 20),
	(1013, 2, 1, 21),
	(1014, 3, 1, 22),
	(1016, 2, 1, 24),
	(1018, 5, 9, 24),
	(1019, 2, 6, 24);
/*!40000 ALTER TABLE `ratings` ENABLE KEYS */;

-- Dumping structure for table my_library.reviews
CREATE TABLE IF NOT EXISTS `reviews` (
  `id` int(11) NOT NULL AUTO_INCREMENT,
  `text` varchar(300) NOT NULL,
  `bookNameId` int(11) DEFAULT NULL,
  `madeById` int(11) DEFAULT NULL,
  `isDeleted` tinyint(4) NOT NULL DEFAULT 0,
  PRIMARY KEY (`id`),
  KEY `FK_af87bff037eeebfa8bb0bcc771f` (`bookNameId`),
  KEY `FK_a0a47d4bfdbdb51128c4f87d7cd` (`madeById`),
  CONSTRAINT `FK_a0a47d4bfdbdb51128c4f87d7cd` FOREIGN KEY (`madeById`) REFERENCES `users` (`id`) ON DELETE NO ACTION ON UPDATE NO ACTION,
  CONSTRAINT `FK_af87bff037eeebfa8bb0bcc771f` FOREIGN KEY (`bookNameId`) REFERENCES `books` (`id`) ON DELETE NO ACTION ON UPDATE NO ACTION
) ENGINE=InnoDB AUTO_INCREMENT=538 DEFAULT CHARSET=utf8;

-- Dumping data for table my_library.reviews: ~42 rows (approximately)
/*!40000 ALTER TABLE `reviews` DISABLE KEYS */;
INSERT INTO `reviews` (`id`, `text`, `bookNameId`, `madeById`, `isDeleted`) VALUES
	(100, 'Kept me on the edge of my seat during the whole time...', 1, 24, 0),
	(200, 'Fascinating!', 1, 24, 1),
	(300, 'Enjoyed this book both as a kid and now! My all time favourite sequence', 5, 2, 0),
	(400, 'Masterpiece', 2, 3, 0),
	(500, 'TEST', 2, 19, 0),
	(501, 'TEST REVIEW', 1, 22, 1),
	(502, 'TEST REVIEW', 1, 3, 1),
	(503, 'Mitko Review', 2, 22, 0),
	(504, 'Delete review', 5, 4, 0),
	(505, '18 august', 5, 22, 0),
	(506, 'AUGUST', 2, 22, 0),
	(507, 'Potter review', 7, 22, 0),
	(508, 'Such a thrilling book!', 1, 22, 0),
	(509, '13 reasons why', 2, 22, 0),
	(510, 'rrrrrrrrrrrrrrrrrrrrrrrrrrr', 2, 22, 0),
	(511, 'Nadya', 1, 22, 1),
	(512, 'Way better than the movie!', 1, 22, 0),
	(513, 'Ws', 1, 22, 1),
	(514, 'Rosi palachinka', 2, 22, 0),
	(515, 'My all time favorite book!', 7, 22, 0),
	(516, 'a book for kids and adults', 7, 22, 0),
	(517, 'baby book', 7, 22, 0),
	(518, 'Last harry potter review', 7, 22, 0),
	(519, 'Zlatimirka review', 4, 25, 0),
	(520, 'Hate review..Didn\'t like it', 5, 25, 0),
	(521, 'Thrilling!', 1, 24, 1),
	(522, 'New Review', 1, 24, 1),
	(523, 'HOLLA SENIORITA', 1, 24, 1),
	(524, 'àwAAAAaaaaaaaaaa', 1, 24, 1),
	(525, 'Classic! Must read it', 1, 24, 1),
	(526, 'Way better than the movie!', 1, 24, 1),
	(527, 'Amazing', 1, 24, 1),
	(528, 'Favourite book', 1, 24, 1),
	(529, '', 1, 24, 1),
	(530, 'Strongly recommend', 1, 24, 1),
	(531, 'historyy', 1, 24, 1),
	(532, 'Loved it', 6, 24, 0),
	(533, 'testtest', 8, 24, 0),
	(534, 'Top', 1, 24, 0),
	(535, 'Reminds me of another book', 9, 24, 0),
	(536, 'An absolute must-read!', 6, 26, 0),
	(537, 'Masterpiece!', 1, 26, 1);
/*!40000 ALTER TABLE `reviews` ENABLE KEYS */;

-- Dumping structure for table my_library.review_reactions
CREATE TABLE IF NOT EXISTS `review_reactions` (
  `id` int(11) NOT NULL AUTO_INCREMENT,
  `reactionType` int(11) NOT NULL,
  `madeById` int(11) DEFAULT NULL,
  `reviewVotedForId` int(11) DEFAULT NULL,
  PRIMARY KEY (`id`),
  KEY `FK_5603e8f55bb103e6db097c16311` (`madeById`),
  KEY `FK_41353629aaed186fb979c24a3d8` (`reviewVotedForId`),
  CONSTRAINT `FK_41353629aaed186fb979c24a3d8` FOREIGN KEY (`reviewVotedForId`) REFERENCES `reviews` (`id`) ON DELETE CASCADE ON UPDATE NO ACTION,
  CONSTRAINT `FK_5603e8f55bb103e6db097c16311` FOREIGN KEY (`madeById`) REFERENCES `users` (`id`) ON DELETE CASCADE ON UPDATE NO ACTION
) ENGINE=InnoDB AUTO_INCREMENT=121 DEFAULT CHARSET=utf8;

-- Dumping data for table my_library.review_reactions: ~4 rows (approximately)
/*!40000 ALTER TABLE `review_reactions` DISABLE KEYS */;
INSERT INTO `review_reactions` (`id`, `reactionType`, `madeById`, `reviewVotedForId`) VALUES
	(101, 1, 4, 100),
	(102, 1, 4, 200),
	(103, 1, 1, 200),
	(120, -1, 3, 501);
/*!40000 ALTER TABLE `review_reactions` ENABLE KEYS */;

-- Dumping structure for table my_library.token
CREATE TABLE IF NOT EXISTS `token` (
  `id` int(11) NOT NULL AUTO_INCREMENT,
  `token` varchar(255) NOT NULL,
  `blacklistedOn` datetime(6) NOT NULL DEFAULT current_timestamp(6),
  PRIMARY KEY (`id`)
) ENGINE=InnoDB AUTO_INCREMENT=50 DEFAULT CHARSET=utf8;

-- Dumping data for table my_library.token: ~49 rows (approximately)
/*!40000 ALTER TABLE `token` DISABLE KEYS */;
INSERT INTO `token` (`id`, `token`, `blacklistedOn`) VALUES
	(1, 'eyJhbGciOiJIUzI1NiIsInR5cCI6IkpXVCJ9.eyJpZCI6MTIsInVzZXJuYW1lIjoiYm9iYnkiLCJwZXJzb25hbE5hbWUiOiJSb2JlcnQgVGltYmVyIiwicm9sZSI6IkFkbWluIiwiaWF0IjoxNTk3MjY2NTU4LCJleHAiOjE1OTc4NzEzNTh9.3auT7aXaYIflA9Ef2nVdgWA5dsXumsFps53gMco7gWs', '2020-08-13 00:10:04.418437'),
	(2, '', '2020-08-13 00:16:44.441424'),
	(3, 'eyJhbGciOiJIUzI1NiIsInR5cCI6IkpXVCJ9.eyJpZCI6MTMsInVzZXJuYW1lIjoidGVzdFVzZXIiLCJwZXJzb25hbE5hbWUiOiJ0ZXN0VXNlciIsInJvbGUiOiJCYXNpYyIsImlhdCI6MTU5NzI2NzA2MCwiZXhwIjoxNTk3ODcxODYwfQ.TJfBZfFJnngtEqL0TqIXhe0adJ__hr5Ik0dcltSuUJ8', '2020-08-13 00:18:06.287919'),
	(4, 'eyJhbGciOiJIUzI1NiIsInR5cCI6IkpXVCJ9.eyJpZCI6MTMsInVzZXJuYW1lIjoidGVzdFVzZXIiLCJwZXJzb25hbE5hbWUiOiJ0ZXN0VXNlciIsInJvbGUiOiJCYXNpYyIsImlhdCI6MTU5NzI2NzYzMCwiZXhwIjoxNTk3ODcyNDMwfQ.wuYFx2Bjr-8tYl6v82GvXP8zYwsdYioWEOHbrvUDSe4', '2020-08-13 00:27:48.061254'),
	(5, 'eyJhbGciOiJIUzI1NiIsInR5cCI6IkpXVCJ9.eyJpZCI6MTMsInVzZXJuYW1lIjoidGVzdFVzZXIiLCJwZXJzb25hbE5hbWUiOiJ0ZXN0VXNlciIsInJvbGUiOiJCYXNpYyIsImlhdCI6MTU5NzI2ODQxMywiZXhwIjoxNTk3ODczMjEzfQ.Wzzsvc_JenIbON5t1-lg10T9v7HyDpLs3TOi_L-Yims', '2020-08-13 00:40:22.704733'),
	(6, '', '2020-08-21 02:25:35.832498'),
	(7, '', '2020-08-21 02:25:35.828432'),
	(8, '', '2020-08-22 09:42:06.226470'),
	(9, '', '2020-08-22 09:42:06.230538'),
	(10, '', '2020-08-22 09:43:30.943798'),
	(11, '', '2020-08-22 09:43:30.947205'),
	(12, '', '2020-08-23 10:42:48.109786'),
	(13, '', '2020-08-23 10:42:48.112129'),
	(14, '', '2020-08-23 10:50:59.655285'),
	(15, '', '2020-08-23 10:50:59.668873'),
	(16, '', '2020-08-23 12:43:36.805069'),
	(17, '', '2020-08-23 12:43:36.809376'),
	(18, '', '2020-08-23 13:03:55.052366'),
	(19, '', '2020-08-23 13:03:55.058483'),
	(20, '', '2020-08-23 17:40:09.786044'),
	(21, '', '2020-08-23 17:40:09.791034'),
	(22, '', '2020-08-23 17:47:57.134497'),
	(23, '', '2020-08-23 17:47:57.141194'),
	(24, '', '2020-08-23 18:40:46.420021'),
	(25, '', '2020-08-23 18:40:46.425994'),
	(26, '', '2020-08-23 19:08:20.173525'),
	(27, '', '2020-08-23 19:08:20.174446'),
	(28, '', '2020-08-23 21:14:57.110482'),
	(29, '', '2020-08-23 21:14:57.113898'),
	(30, '', '2020-08-24 02:43:45.397269'),
	(31, '', '2020-08-24 02:43:45.409619'),
	(32, '', '2020-08-24 05:56:41.957908'),
	(33, '', '2020-08-24 05:56:41.969712'),
	(34, '', '2020-08-24 14:29:46.132540'),
	(35, '', '2020-08-24 14:29:46.136126'),
	(36, '', '2020-08-24 16:16:27.030654'),
	(37, '', '2020-08-24 16:16:27.040175'),
	(38, '', '2020-08-24 16:26:30.297352'),
	(39, '', '2020-08-24 16:26:30.308893'),
	(40, '', '2020-08-24 16:32:50.842346'),
	(41, '', '2020-08-24 16:32:50.855029'),
	(42, '', '2020-08-24 23:17:43.093532'),
	(43, '', '2020-08-24 23:17:43.097143'),
	(44, '', '2020-10-17 20:59:05.348324'),
	(45, '', '2020-10-17 20:59:05.356393'),
	(46, '', '2020-10-17 21:00:38.387333'),
	(47, '', '2020-10-17 21:00:38.388506'),
	(48, '', '2020-10-17 21:04:42.169827'),
	(49, '', '2020-10-17 21:04:42.174443');
/*!40000 ALTER TABLE `token` ENABLE KEYS */;

-- Dumping structure for table my_library.users
CREATE TABLE IF NOT EXISTS `users` (
  `id` int(11) NOT NULL AUTO_INCREMENT,
  `username` varchar(255) NOT NULL,
  `personalName` varchar(30) NOT NULL,
  `registerDate` datetime(6) NOT NULL DEFAULT current_timestamp(6),
  `isDeleted` tinyint(4) NOT NULL DEFAULT 0,
  `role` enum('1','2') NOT NULL DEFAULT '1',
  `password` varchar(255) NOT NULL,
  `banEndDate` datetime DEFAULT NULL,
  `avatar` varchar(255) NOT NULL,
  PRIMARY KEY (`id`),
  UNIQUE KEY `IDX_fe0bb3f6520ee0469504521e71` (`username`)
) ENGINE=InnoDB AUTO_INCREMENT=27 DEFAULT CHARSET=utf8;

-- Dumping data for table my_library.users: ~26 rows (approximately)
/*!40000 ALTER TABLE `users` DISABLE KEYS */;
INSERT INTO `users` (`id`, `username`, `personalName`, `registerDate`, `isDeleted`, `role`, `password`, `banEndDate`, `avatar`) VALUES
	(1, 'john', 'John Smith', '2020-07-17 01:05:04.054096', 1, '1', '', NULL, ''),
	(2, 'mary.lewis14', 'Mary Lewis', '2020-07-17 01:05:04.061675', 0, '1', '', NULL, 'https://external-content.duckduckgo.com/iu/?u=https%3A%2F%2Fi.ytimg.com%2Fvi%2Fcm-spbgGnLs%2Fmaxresdefault.jpg&f=1&nofb=1'),
	(3, 'nick55', 'Nicholas Joseph', '2020-07-17 01:05:04.065992', 0, '1', '', NULL, 'https://external-content.duckduckgo.com/iu/?u=https%3A%2F%2Ftse1.mm.bing.net%2Fth%3Fid%3DOIP.X6jvgAH5HSxNn5touH3PDQHaHH%26pid%3DApi&f=1'),
	(4, 'anne-marie91', 'Anne-Marie Nicholson', '2020-07-17 01:05:04.073008', 0, '1', '', NULL, 'https://external-content.duckduckgo.com/iu/?u=https%3A%2F%2Fcdn.planetradio.co.uk%2Fone%2Fmedia%2F5e3c%2F0485%2Fa952%2F5345%2Fe0ef%2F6dbd%2Fanne-marie-birthday.jpg%3Fquality%3D80%26format%3Djpg%26crop%3D0%2C0%2C538%2C957%26resize%3Dcrop&f=1&nofb=1'),
	(5, 'alex.pet1', 'Alexander Peterson', '2020-07-17 01:05:04.077375', 0, '1', '', NULL, ''),
	(6, 'george', 'TestTest', '2020-07-18 00:45:34.707605', 0, '1', '', NULL, ''),
	(7, 'peter', 'Peter Jacobs', '2020-07-21 23:40:40.262977', 0, '1', '$2b$10$xLMbF6RFQW6AWplpnePGDOc0dnUwyAwEfNQ62ys8i.3jFMN.JoDBW', NULL, ''),
	(8, 'johnny.wayne75', 'John Wayne', '2020-07-22 00:22:00.056066', 0, '2', '$2b$10$pkLFeAr.zPM.wpDMfvUnPusMMzcWTnlBsbelFqAHzYepIm.GaIUye', NULL, ''),
	(9, 'martha82', 'Martha O\'neil', '2020-07-22 00:43:09.793111', 0, '2', '$2b$10$nsJgvlm1Z1azS1FLK9/pSe1SsobDLyJsj6JHw1FbhtNCpWgLJDrE.', NULL, ''),
	(10, 'sam10', 'Samuel Jacobs', '2020-07-22 00:55:24.917642', 0, '1', '$2b$10$qrpPjg1qKwmDRbi4bDZOEeXJj2L0JwpCRRpv1EQVikT7TfU6qjw6a', NULL, ''),
	(11, 'tina7', 'Tina James', '2020-07-22 00:56:58.394918', 0, '1', '$2b$10$af9TeyF5VwmtRHlVSIy2kO3I5RZHxz1NvHZcjyw5BLGChvI0nv9tq', NULL, ''),
	(12, 'bobby', 'Robert Timber', '2020-07-22 01:00:14.065349', 0, '2', '$2b$10$rqVBEIXDifEjfeinXFQuZeST9uLkH8LXF/hm98feNviBAxsWJUHJa', NULL, ''),
	(13, 'testUser', 'testUser', '2020-08-12 01:32:59.321333', 0, '1', '$2b$10$8vb6koefI2BVgYNVJlwMTuD48fzGdG4z50/1eSb9C7hJx1g3bwAT2', NULL, ''),
	(14, 'hello', 'hello', '2020-08-14 17:53:37.791298', 0, '1', '$2b$10$QTIpIqi9uebvNf9GLPj4iuBiBdSJWm9SM6qbrvjs6ZDENnOHaxGXS', NULL, 'https://external-content.duckduckgo.com/iu/?u=http%3A%2F%2F2.bp.blogspot.com%2F-kaQX-JRUirM%2FVajwSpRbPEI%2FAAAAAAAAYGU%2F2SINxtyiZrQ%2Fs1600%2FClassDojo%252Bmonster%252B21.png&f=1&nofb=1'),
	(15, 'pinky', 'pinky', '2020-08-14 17:56:21.836711', 0, '1', '$2b$10$t8MNwXn7XkAsie53gkENE.NoX8JsXm01iY1c4kMAKhUgKNNUVzqum', NULL, 'https://external-content.duckduckgo.com/iu/?u=http%3A%2F%2F2.bp.blogspot.com%2F-kaQX-JRUirM%2FVajwSpRbPEI%2FAAAAAAAAYGU%2F2SINxtyiZrQ%2Fs1600%2FClassDojo%252Bmonster%252B21.png&f=1&nofb=1'),
	(16, 'pinkMonster', 'pinkMonster', '2020-08-14 17:59:21.837986', 0, '1', '$2b$10$DxU1iOld.DJAUJPygNfLF.NRu0wdPmiRdYLcdZ8y00Dr4VB8TXuO6', NULL, 'https://external-content.duckduckgo.com/iu/?u=http%3A%2F%2F2.bp.blogspot.com%2F-kaQX-JRUirM%2FVajwSpRbPEI%2FAAAAAAAAYGU%2F2SINxtyiZrQ%2Fs1600%2FClassDojo%252Bmonster%252B21.png&f=1&nofb=1'),
	(17, 'ppppppp', 'ppppppp', '2020-08-14 18:04:40.602114', 0, '1', '$2b$10$XGykU4KY83nPJd2P2ABaqesSFh2ZshszV3lZ1KYVKAR2nwPC5G1K6', NULL, 'https://external-content.duckduckgo.com/iu/?u=http%3A%2F%2F2.bp.blogspot.com%2F-kaQX-JRUirM%2FVajwSpRbPEI%2FAAAAAAAAYGU%2F2SINxtyiZrQ%2Fs1600%2FClassDojo%252Bmonster%252B21.png&f=1&nofb=1'),
	(18, 'tinka', 'tinka', '2020-08-14 18:06:37.361124', 0, '1', '$2b$10$Yif.9j6QmcYEipJypC8ELOsdowTx9fN2H.p/VriHFxbzQiIOA8G1W', NULL, 'https://external-content.duckduckgo.com/iu/?u=http%3A%2F%2F2.bp.blogspot.com%2F-kaQX-JRUirM%2FVajwSpRbPEI%2FAAAAAAAAYGU%2F2SINxtyiZrQ%2Fs1600%2FClassDojo%252Bmonster%252B21.png&f=1&nofb=1'),
	(19, 'Viktoria', 'TestTest', '2020-08-14 19:42:20.454786', 0, '1', '$2b$10$KUm.oG7vt3.HGNsoqYhIJ.gO0L/RF/bNkVVLczyV5etlc8Z02aYMW', NULL, 'https://external-content.duckduckgo.com/iu/?u=http%3A%2F%2F3.bp.blogspot.com%2F-7fXDN1z-D_c%2FUlYA4VwGgfI%2FAAAAAAAAAio%2F7dnOER8ds6c%2Fs1600%2FClassDojo-avatar3.png&f=1&nofb=1'),
	(20, 'Emilcho', 'Emilcho', '2020-08-14 19:45:30.625800', 0, '1', '$2b$10$cBr33BYDkoAWXHwlerIjNevu2IERJoSQSLZxnyZyLke5MDaCzUiZG', NULL, 'https://external-content.duckduckgo.com/iu/?u=http%3A%2F%2F1.bp.blogspot.com%2F-PYTTTc2bV3g%2FVpmwl5GBdRI%2FAAAAAAAAWsk%2FcmTOUZVVgXU%2Fs1600%2FClassDojo%252Bmonster%252B33.png&f=1&nofb=1'),
	(21, 'gincheto', 'gincheto', '2020-08-14 19:48:21.527873', 0, '1', '$2b$10$TTGxT0msu1DJXnhH0E8Rw.2UGdrE0T5pHc..Hplnf9zKbesiLroFq', NULL, 'https://external-content.duckduckgo.com/iu/?u=https%3A%2F%2Ftotallythebomb.com%2Fwp-content%2Fuploads%2F2020%2F05%2FScreen-Shot-2020-05-15-at-11.26.38-PM-700x553.png&f=1&nofb=1'),
	(22, 'mitaka', 'mitaka', '2020-08-14 20:49:44.257354', 0, '1', '$2b$10$nFK3bz.pjBgebjCj3tYmr.d7TPnuRJ7vw6m11ODFnnkwwl9gBZR9i', NULL, 'https://external-content.duckduckgo.com/iu/?u=https%3A%2F%2Fsaviostars.files.wordpress.com%2F2015%2F01%2Fclassdojo-monster-35.png&f=1&nofb=1'),
	(23, 'avatar', 'avatar', '2020-08-15 12:05:06.761081', 0, '1', '$2b$10$0aMgqqyump8J5RWtK9ceb.sA5kuUnhSpaAaP/WD3QwBZIzuvM5BRC', NULL, 'https://external-content.duckduckgo.com/iu/?u=https%3A%2F%2Fimg.icons8.com%2Fcolor%2F1600%2Favatar.png&f=1&nofb=1'),
	(24, 'mariela.tihova', 'mariela.tihova', '2020-08-22 09:45:50.845315', 0, '1', '$2b$10$FYsRTulZ9e7yRIUCtzYf4u7510tSzVXDmyNYyeJWgMAM6I5WCqbW2', NULL, 'https://external-content.duckduckgo.com/iu/?u=https%3A%2F%2Favatars0.githubusercontent.com%2Fu%2F5290512%3Fs%3D400%26v%3D4&f=1&nofb=1'),
	(25, 'zlatimirka', 'zlatimirka', '2020-08-23 10:51:29.225465', 0, '1', '$2b$10$y1JbGj76d6I9oRWcrFWL6elVycYI9CIT5zCkW4bg86eswG4xmLe9m', NULL, 'https://external-content.duckduckgo.com/iu/?u=https%3A%2F%2F66.media.tumblr.com%2F8b4f9a629bf11f5936d79d912356c10d%2Ftumblr_mhyo4beqTb1rvx6q2o6_250.jpg&f=1&nofb=1'),
	(26, 'mariela.t', 'mariela.t', '2020-10-02 19:10:34.682077', 0, '1', '$2b$10$OsCDmjTdYiJmxv89MA9Ey.OxgcIMVwhu/SYyPtTpUURDCFkoPpvK2', NULL, 'https://1.bp.blogspot.com/-yjA5cpEdX98/VpmwjYuYLJI/AAAAAAAAWsM/1oLs0TlfKdE/s320/ClassDojo%2Bmonster%2B31.png');
/*!40000 ALTER TABLE `users` ENABLE KEYS */;

/*!40101 SET SQL_MODE=IFNULL(@OLD_SQL_MODE, '') */;
/*!40014 SET FOREIGN_KEY_CHECKS=IF(@OLD_FOREIGN_KEY_CHECKS IS NULL, 1, @OLD_FOREIGN_KEY_CHECKS) */;
/*!40101 SET CHARACTER_SET_CLIENT=@OLD_CHARACTER_SET_CLIENT */;
